Year,Film,Nominee,Winner,Gender
1927/28 (1st),The Devil Dancer;,George Barnes,False,Man
1927/28 (1st),Sunrise,Charles Rosher,True,Man
1927/28 (1st),Sunrise,Karl Struss,True,Man
1928/29 (2nd),Our Dancing Daughters,George Barnes,False,Man
1928/29 (2nd),White Shadows in the South Seas,Clyde De Vinna,True,Man
1928/29 (2nd),In Old Arizona,Arthur Edeson,False,Man
1928/29 (2nd),Four Devils;,Ernest Palmer,False,Man
1928/29 (2nd),The Divine Lady,John Seitz,False,Man
1929/30 (3rd),All Quiet on the Western Front,(Arthur Edeson),False,Man
1929/30 (3rd),Anna Christie,(William Daniels),False,Man
1929/30 (3rd),Hell's Angels,"(Gaetano Gaudio), (Harry Perry)",False,Man
1929/30 (3rd),The Love Parade,(Victor Milner),False,Man
1929/30 (3rd),With Byrd at the South Pole,"Joseph T. Rucker, Willard Van Der Veer",True,Man
1930/31 (4th),Cimarron,Edward Cronjager,False,Man
1930/31 (4th),Morocco,Lee Garmes,False,Man
1930/31 (4th),The Right to Love,Charles Lang,False,Man
1930/31 (4th),Svengali,"Barney ""Chick"" McGill",False,Man
1930/31 (4th),Tabu,Floyd Crosby,True,Man
1931/32 (5th),Arrowsmith,Ray June,False,Man
1931/32 (5th),Dr. Jekyll and Mr. Hyde,Karl Struss,False,Man
1931/32 (5th),Shanghai Express,Lee Garmes,True,Man
1932/33 (6th),A Farewell to Arms,"Charles Bryant Lang, Jr.",True,Man
1932/33 (6th),Reunion in Vienna,George J. Folsey,False,Man
1932/33 (6th),The Sign of the Cross,Karl Struss,False,Man
1934 (7th),The Affairs of Cellini,Charles Rosher,False,Man
1934 (7th),Cleopatra,Victor Milner,True,Man
1934 (7th),Operator 13,George Folsey,False,Man
1935 (8th),Barbary Coast,Ray June,False,Man
1935 (8th),The Crusades,Victor Milner,False,Man
1935 (8th),Les Miserables,Gregg Toland,False,Man
1935 (8th),A Midsummer Night's Dream,Hal Mohr,True,Man
1936 (9th),Anthony Adverse,Gaetano Gaudio,True,Man
1936 (9th),The General Died at Dawn,Victor Milner,False,Man
1936 (9th),The Gorgeous Hussy,George Folsey,False,Man
1936 (9th),Unknown,Unknown,True,Man
1937 (10th),Dead End,Gregg Toland,False,Man
1937 (10th),The Good Earth,Karl Freund,True,Man
1937 (10th),Wings over Honolulu,Joseph Valentine,False,Man
1937 (10th),Unknown,Unknown,True,Man
1938 (11th),Algiers,James Wong Howe,False,Man
1938 (11th),Army Girl,"Ernest Miller, Harry Wild",False,Man
1938 (11th),The Buccaneer,Victor Milner,False,Man
1938 (11th),The Great Waltz,Joseph Ruttenberg,True,Man
1938 (11th),Jezebel,Ernest Haller,False,Man
1938 (11th),Mad about Music,Joseph Valentine,False,Man
1938 (11th),Merrily We Live,Norbert Brodine,False,Man
1938 (11th),Suez,Peverell Marley,False,Man
1938 (11th),Vivacious Lady,Robert de Grasse,False,Man
1938 (11th),You Can't Take It with You,Joseph Walker,False,Man
1938 (11th),The Young in Heart,Leon Shamroy,False,Man
1938 (11th),Unknown,Unknown,True,Man
1939 (12th),First Love,Joseph Valentine,False,Man
1939 (12th),The Great Victor Herbert,Victor Milner,False,Man
1939 (12th),Gunga Din,Joseph H. August,False,Man
1939 (12th),Intermezzo,Gregg Toland,False,Man
1939 (12th),Juarez,Tony Gaudio,False,Man
1939 (12th),Lady of the Tropics,George Folsey,False,Man
1939 (12th),Of Mice and Men,Norbert Brodine,False,Man
1939 (12th),Only Angels Have Wings,Joseph Walker,False,Man
1939 (12th),The Rains Came,Arthur Miller,False,Man
1939 (12th),Stagecoach,Bert Glennon,False,Man
1939 (12th),Wuthering Heights,Gregg Toland,True,Man
1939 (12th),Drums along the Mohawk,"Ray Rennahan, Bert Glennon",False,Man
1939 (12th),Four Feathers,"Georges Perinal, Osmond Borradaile",False,Man
1939 (12th),Gone with the Wind,"Ernest Haller, Ray Rennahan",True,Man
1939 (12th),The Mikado,"William V. Skall, Bernard Knowles",False,Man
1939 (12th),The Private Lives of Elizabeth and Essex,"Sol Polito, W. Howard Greene",False,Man
1939 (12th),The Wizard of Oz,Hal Rosson,False,Man
1940 (13th),Abe Lincoln in Illinois,James Wong Howe,False,Man
1940 (13th),"All This, and Heaven Too",Ernest Haller,False,Man
1940 (13th),"Arise, My Love","Charles B. Lang, Jr.",False,Man
1940 (13th),Boom Town,Harold Rosson,False,Man
1940 (13th),Foreign Correspondent,Rudolph Maté,False,Man
1940 (13th),The Letter,Gaetano (Tony) Gaudio,False,Man
1940 (13th),The Long Voyage Home,Gregg Toland,False,Man
1940 (13th),Rebecca,George Barnes,True,Man
1940 (13th),Spring Parade,Joseph Valentine,False,Man
1940 (13th),Waterloo Bridge,Joseph Ruttenberg,False,Man
1940 (13th),Bitter Sweet,"Oliver T. Marsh, Allen Davey",False,Man
1940 (13th),The Blue Bird,"Arthur Miller, Ray Rennahan",False,Man
1940 (13th),Down Argentine Way,"Leon Shamroy, Ray Rennahan",False,Man
1940 (13th),North West Mounted Police,"Victor Milner, W. Howard Greene",False,Man
1940 (13th),Northwest Passage,"Sidney Wagner, William V. Skall",False,Man
1940 (13th),The Thief of Bagdad,Georges Périnal,True,Man
1941 (14th),The Chocolate Soldier,Karl Freund,False,Man
1941 (14th),Citizen Kane,Gregg Toland,False,Man
1941 (14th),Dr. Jekyll and Mr. Hyde,Joseph Ruttenberg,False,Man
1941 (14th),Here Comes Mr. Jordan,Joseph Walker,False,Man
1941 (14th),Hold Back the Dawn,Leo Tover,False,Man
1941 (14th),How Green Was My Valley,Arthur Miller,True,Man
1941 (14th),Sergeant York,Sol Polito,False,Man
1941 (14th),Sun Valley Serenade,Edward Cronjager,False,Man
1941 (14th),Sundown,Charles Lang,False,Man
1941 (14th),That Hamilton Woman,Rudolph Maté,False,Man
1941 (14th),Aloma of the South Seas,"Wilfred M. Cline, Karl Struss, William Snyder",False,Man
1941 (14th),Billy the Kid,"William V. Skall, Leonard Smith",False,Man
1941 (14th),Blood and Sand,"Ernest Palmer, Ray Rennahan",True,Man
1941 (14th),Blossoms in the Dust,"Karl Freund, W. Howard Greene",False,Man
1941 (14th),Dive Bomber,Bert Glennon,False,Man
1941 (14th),Louisiana Purchase,"Harry Hallenberger, Ray Rennahan",False,Man
1942 (15th),Kings Row,James Wong Howe,False,Man
1942 (15th),The Magnificent Ambersons,Stanley Cortez,False,Man
1942 (15th),Mrs. Miniver,Joseph Ruttenberg,True,Man
1942 (15th),Moontide,Charles Clarke,False,Man
1942 (15th),The Pied Piper,Edward Cronjager,False,Man
1942 (15th),The Pride of the Yankees,Rudolph Maté,False,Man
1942 (15th),"Take a Letter, Darling",John Mescall,False,Man
1942 (15th),The Talk of the Town,Ted Tetzlaff,False,Man
1942 (15th),Ten Gentlemen from West Point,Leon Shamroy,False,Man
1942 (15th),This above All,Arthur Miller,False,Man
1942 (15th),Arabian Nights,"Milton Krasner, William V. Skall, W. Howard Greene",False,Man
1942 (15th),The Black Swan,Leon Shamroy,True,Man
1942 (15th),Captains of the Clouds,Sol Polito,False,Man
1942 (15th),Jungle Book,W. Howard Greene,False,Man
1942 (15th),Reap the Wild Wind,"Victor Milner, William V. Skall",False,Man
1942 (15th),To the Shores of Tripoli,"Edward Cronjager, William V. Skall",False,Man
1943 (16th),Air Force,"James Wong Howe, Elmer Dyer, Charles Marshall",False,Man
1943 (16th),Casablanca,Arthur Edeson,False,Man
1943 (16th),Corvette K-225,Tony Gaudio,False,Man
1943 (16th),Five Graves to Cairo,John Seitz,False,Man
1943 (16th),The Human Comedy,Harry Stradling,False,Man
1943 (16th),Madame Curie,Joseph Ruttenberg,False,Man
1943 (16th),The North Star,James Wong Howe,False,Man
1943 (16th),Sahara,Rudolph Maté,False,Man
1943 (16th),So Proudly We Hail!,Charles Lang,False,Man
1943 (16th),The Song of Bernadette,Arthur Miller,True,Man
1943 (16th),For Whom the Bell Tolls,Ray Rennahan,False,Man
1943 (16th),Heaven Can Wait,Edward Cronjager,False,Man
1943 (16th),"Hello, Frisco, Hello","Charles G. Clarke, Allen Davey",False,Man
1943 (16th),Lassie Come Home,Leonard Smith,False,Man
1943 (16th),Phantom of the Opera,"Hal Mohr, W. Howard Greene",True,Man
1943 (16th),Thousands Cheer,George Folsey,False,Man
1944 (17th),Double Indemnity,John Seitz,False,Man
1944 (17th),Dragon Seed,Sidney Wagner,False,Man
1944 (17th),Gaslight,Joseph Ruttenberg,False,Man
1944 (17th),Going My Way,Lionel Lindon,False,Man
1944 (17th),Laura,Joseph LaShelle,True,Man
1944 (17th),Lifeboat,Glen MacWilliams,False,Man
1944 (17th),Since You Went Away,"Stanley Cortez, Lee Garmes",False,Man
1944 (17th),Thirty Seconds over Tokyo,"Robert Surtees, Harold Rosson",False,Man
1944 (17th),The Uninvited,Charles Lang,False,Man
1944 (17th),The White Cliffs of Dover,George Folsey,False,Man
1944 (17th),Cover Girl,"Rudolph Maté, Allen M. Davey",False,Man
1944 (17th),Home in Indiana,Edward Cronjager,False,Man
1944 (17th),Kismet,Charles Rosher,False,Man
1944 (17th),Lady in the Dark,Ray Rennahan,False,Man
1944 (17th),Meet Me in St. Louis,George Folsey,False,Man
1944 (17th),Wilson,Leon Shamroy,True,Man
1945 (18th),The Keys of the Kingdom,Arthur Miller,False,Man
1945 (18th),The Lost Weekend,John F. Seitz,False,Man
1945 (18th),Mildred Pierce,Ernest Haller,False,Man
1945 (18th),The Picture of Dorian Gray,Harry Stradling,True,Man
1945 (18th),Spellbound,George Barnes,False,Man
1945 (18th),Anchors Aweigh,"Robert Planck, Charles Boyle",False,Man
1945 (18th),Leave Her to Heaven,Leon Shamroy,True,Man
1945 (18th),National Velvet,Leonard Smith,False,Man
1945 (18th),A Song to Remember,"Tony Gaudio, Allen M. Davey",False,Man
1945 (18th),The Spanish Main,George Barnes,False,Man
1946 (19th),Anna and the King of Siam,Arthur Miller,True,Man
1946 (19th),The Green Years,George Folsey,False,Man
1946 (19th),The Jolson Story,Joseph Walker,False,Man
1946 (19th),The Yearling,"Charles Rosher, Leonard Smith, Arthur Arling",True,Man
1947 (20th),The Ghost and Mrs. Muir,"Charles Lang, Jr.",False,Man
1947 (20th),Great Expectations,Guy Green,True,Man
1947 (20th),Green Dolphin Street,George Folsey,False,Man
1947 (20th),Black Narcissus,Jack Cardiff,True,Man
1947 (20th),Life with Father,"Peverell Marley, William V. Skall",False,Man
1947 (20th),Mother Wore Tights,Harry Jackson,False,Man
1948 (21st),A Foreign Affair,"Charles B. Lang, Jr.",False,Man
1948 (21st),I Remember Mama,Nicholas Musuraca,False,Man
1948 (21st),Johnny Belinda,Ted McCord,False,Man
1948 (21st),The Naked City,William Daniels,True,Man
1948 (21st),Portrait of Jennie,Joseph August,False,Man
1948 (21st),Green Grass of Wyoming,Charles G. Clarke,False,Man
1948 (21st),Joan of Arc,"Joseph Valentine, William V. Skall, Winton Hoch",True,Man
1948 (21st),The Loves of Carmen,William Snyder,False,Man
1948 (21st),The Three Musketeers,Robert Planck,False,Man
1949 (22nd),Battleground,Paul C. Vogel,True,Man
1949 (22nd),Champion,Frank Planer,False,Man
1949 (22nd),Come to the Stable,Joseph LaShelle,False,Man
1949 (22nd),The Heiress,Leo Tover,False,Man
1949 (22nd),Prince of Foxes,Leon Shamroy,False,Man
1949 (22nd),The Barkleys of Broadway,Harry Stradling,False,Man
1949 (22nd),Jolson Sings Again,William Snyder,False,Man
1949 (22nd),Little Women,"Robert Planck, Charles Schoenbaum",False,Man
1949 (22nd),Sand,Charles G. Clarke,False,Man
1949 (22nd),She Wore a Yellow Ribbon,Winton Hoch,True,Man
1950 (23rd),All about Eve,Milton Krasner,False,Man
1950 (23rd),The Asphalt Jungle,Harold Rosson,False,Man
1950 (23rd),The Furies,Victor Milner,False,Man
1950 (23rd),Sunset Blvd.,John F. Seitz,False,Man
1950 (23rd),The Third Man,Robert Krasker,True,Man
1950 (23rd),Annie Get Your Gun,Charles Rosher,False,Man
1950 (23rd),Broken Arrow,Ernest Palmer,False,Man
1950 (23rd),The Flame and the Arrow,Ernest Haller,False,Man
1950 (23rd),King Solomon's Mines,Robert Surtees,True,Man
1950 (23rd),Samson and Delilah,George Barnes,False,Man
1951 (24th),Death of a Salesman,Frank Planer,False,Man
1951 (24th),The Frogmen,Norbert Brodine,False,Man
1951 (24th),A Place in the Sun,William C. Mellor,True,Man
1951 (24th),Strangers on a Train,Robert Burks,False,Man
1951 (24th),A Streetcar Named Desire,Harry Stradling,False,Man
1951 (24th),An American in Paris,Alfred Gilks; Ballet Photography by John Alton,True,Man
1951 (24th),David and Bathsheba,Leon Shamroy,False,Man
1951 (24th),Quo Vadis,"Robert Surtees, William V. Skall",False,Man
1951 (24th),Show Boat,Charles Rosher,False,Man
1951 (24th),When Worlds Collide,"John F. Seitz, W. Howard Greene",False,Man
1952 (25th),The Bad and the Beautiful,Robert Surtees,True,Man
1952 (25th),The Big Sky,Russell Harlan,False,Man
1952 (25th),My Cousin Rachel,Joseph LaShelle,False,Man
1952 (25th),Navajo,Virgil E. Miller,False,Man
1952 (25th),Sudden Fear,"Charles B. Lang, Jr.",False,Man
1952 (25th),Hans Christian Andersen,Harry Stradling,False,Man
1952 (25th),Ivanhoe,F. A. Young,False,Man
1952 (25th),Million Dollar Mermaid,George J. Folsey,False,Man
1952 (25th),The Quiet Man,"Winton C. Hoch, Archie Stout",True,Man
1952 (25th),The Snows of Kilimanjaro,Leon Shamroy,False,Man
1953 (26th),The Four Poster,Hal Mohr,False,Man
1953 (26th),From Here to Eternity,Burnett Guffey,True,Man
1953 (26th),Julius Caesar,Joseph Ruttenberg,False,Man
1953 (26th),Martin Luther,Joseph C. Brun,False,Man
1953 (26th),Roman Holiday,"Frank Planer, Henri Alekan",False,Man
1953 (26th),All the Brothers Were Valiant,George Folsey,False,Man
1953 (26th),Beneath the 12-Mile Reef,Edward Cronjager,False,Man
1953 (26th),Lili,Robert Planck,False,Man
1953 (26th),The Robe,Leon Shamroy,False,Man
1953 (26th),Shane,Loyal Griggs,True,Man
1954 (27th),The Country Girl,John F. Warren,False,Man
1954 (27th),Executive Suite,George Folsey,False,Man
1954 (27th),On the Waterfront,Boris Kaufman,True,Man
1954 (27th),Rogue Cop,John Seitz,False,Man
1954 (27th),Sabrina,"Charles Lang, Jr.",False,Man
1954 (27th),The Egyptian,Leon Shamroy,False,Man
1954 (27th),Rear Window,Robert Burks,False,Man
1954 (27th),Seven Brides for Seven Brothers,George Folsey,False,Man
1954 (27th),The Silver Chalice,William V. Skall,False,Man
1954 (27th),Three Coins in the Fountain,Milton Krasner,True,Man
1955 (28th),Blackboard Jungle,Russell Harlan,False,Man
1955 (28th),I'll Cry Tomorrow,Arthur E. Arling,False,Man
1955 (28th),Marty,Joseph LaShelle,False,Man
1955 (28th),Queen Bee,Charles Lang,False,Man
1955 (28th),The Rose Tattoo,James Wong Howe,True,Man
1955 (28th),Guys and Dolls,Harry Stradling,False,Man
1955 (28th),Love Is a Many-Splendored Thing,Leon Shamroy,False,Man
1955 (28th),A Man Called Peter,Harold Lipstein,False,Man
1955 (28th),Oklahoma!,Robert Surtees,False,Man
1955 (28th),To Catch a Thief,Robert Burks,True,Man
1956 (29th),Baby Doll,Boris Kaufman,False,Man
1956 (29th),The Bad Seed,Hal Rosson,False,Man
1956 (29th),The Harder They Fall,Burnett Guffey,False,Man
1956 (29th),Somebody Up There Likes Me,Joseph Ruttenberg,True,Man
1956 (29th),Stagecoach to Fury,Walter Strenge,False,Man
1956 (29th),Around the World in 80 Days,Lionel Lindon,True,Man
1956 (29th),The Eddy Duchin Story,Harry Stradling,False,Man
1956 (29th),The King and I,Leon Shamroy,False,Man
1956 (29th),The Ten Commandments,Loyal Griggs,False,Man
1956 (29th),War and Peace,Jack Cardiff,False,Man
1957 (30th),An Affair to Remember,Milton Krasner,False,Man
1957 (30th),The Bridge on the River Kwai,Jack Hildyard,True,Man
1957 (30th),Funny Face,Ray June,False,Man
1957 (30th),Peyton Place,William Mellor,False,Man
1957 (30th),Sayonara,Ellsworth Fredricks,False,Man
1958 (31st),The Defiant Ones,Sam Leavitt,True,Man
1958 (31st),Desire under the Elms,Daniel L. Fapp,False,Man
1958 (31st),I Want to Live!,Lionel Lindon,False,Man
1958 (31st),Separate Tables,"Charles Lang, Jr.",False,Man
1958 (31st),The Young Lions,Joe MacDonald,False,Man
1958 (31st),Auntie Mame,"Harry Stradling, Sr.",False,Man
1958 (31st),Cat on a Hot Tin Roof,William Daniels,False,Man
1958 (31st),Gigi,Joseph Ruttenberg,True,Man
1958 (31st),The Old Man and the Sea,James Wong Howe,False,Man
1958 (31st),South Pacific,Leon Shamroy,False,Man
1959 (32nd),Anatomy of a Murder,Sam Leavitt,False,Man
1959 (32nd),Career,Joseph LaShelle,False,Man
1959 (32nd),The Diary of Anne Frank,William C. Mellor,True,Man
1959 (32nd),Some Like It Hot,"Charles Lang, Jr.",False,Man
1959 (32nd),The Young Philadelphians,"Harry Stradling, Sr.",False,Man
1959 (32nd),Ben-Hur,Robert L. Surtees,True,Man
1959 (32nd),The Big Fisherman,Lee Garmes,False,Man
1959 (32nd),The Five Pennies,Daniel L. Fapp,False,Man
1959 (32nd),The Nun's Story,Franz Planer,False,Man
1959 (32nd),Porgy and Bess,Leon Shamroy,False,Man
1960 (33rd),The Apartment,Joseph LaShelle,False,Man
1960 (33rd),The Facts of Life,"Charles B. Lang, Jr.",False,Man
1960 (33rd),Inherit the Wind,Ernest Laszlo,False,Man
1960 (33rd),Psycho,John L. Russell,False,Man
1960 (33rd),Sons and Lovers,Freddie Francis,True,Man
1960 (33rd),The Alamo,William H. Clothier,False,Man
1960 (33rd),Butterfield 8,"Joseph Ruttenberg, Charles Harten",False,Man
1960 (33rd),Exodus,Sam Leavitt,False,Man
1960 (33rd),Pepe,Joe MacDonald,False,Man
1960 (33rd),Spartacus,Russell Metty,True,Man
1961 (34th),The Absent Minded Professor,Edward Colman,False,Man
1961 (34th),The Children's Hour,Franz F. Planer,False,Man
1961 (34th),The Hustler,Eugen Shuftan,True,Man
1961 (34th),Judgment at Nuremberg,Ernest Laszlo,False,Man
1961 (34th),"One, Two, Three",Daniel L. Fapp,False,Man
1961 (34th),Fanny,Jack Cardiff,False,Man
1961 (34th),Flower Drum Song,Russell Metty,False,Man
1961 (34th),A Majority of One,"Harry Stradling, Sr.",False,Man
1961 (34th),One-Eyed Jacks,"Charles Lang, Jr.",False,Man
1961 (34th),West Side Story,Daniel L. Fapp,True,Man
1962 (35th),Birdman of Alcatraz,Burnett Guffey,False,Man
1962 (35th),The Longest Day,"Jean Bourgoin, Walter Wottitz, (Henri Persin)",True,Man
1962 (35th),To Kill a Mockingbird,Russell Harlan,False,Man
1962 (35th),Two for the Seesaw,Ted McCord,False,Man
1962 (35th),What Ever Happened to Baby Jane?,Ernest Haller,False,Man
1962 (35th),Gypsy,"Harry Stradling, Sr.",False,Man
1962 (35th),Hatari!,Russell Harlan,False,Man
1962 (35th),Lawrence of Arabia,Fred A. Young,True,Man
1962 (35th),Mutiny on the Bounty,Robert L. Surtees,False,Man
1962 (35th),The Wonderful World of the Brothers Grimm,Paul C. Vogel,False,Man
1963 (36th),The Balcony,George Folsey,False,Man
1963 (36th),The Caretakers,Lucien Ballard,False,Man
1963 (36th),Hud,James Wong Howe,True,Man
1963 (36th),Lilies of the Field,Ernest Haller,False,Man
1963 (36th),Love with the Proper Stranger,Milton Krasner,False,Man
1963 (36th),The Cardinal,Leon Shamroy,False,Man
1963 (36th),Cleopatra,Leon Shamroy,True,Man
1963 (36th),How the West Was Won,"William H. Daniels, Milton Krasner, Charles Lang, Jr., Joseph LaShelle",False,Man
1963 (36th),Irma La Douce,Joseph LaShelle,False,Man
1963 (36th),"It's a Mad, Mad, Mad, Mad World",Ernest Laszlo,False,Man
1964 (37th),The Americanization of Emily,Philip H. Lathrop,False,Man
1964 (37th),Fate Is the Hunter,Milton Krasner,False,Man
1964 (37th),"Hush...Hush, Sweet Charlotte",Joseph Biroc,False,Man
1964 (37th),The Night of the Iguana,Gabriel Figueroa,False,Man
1964 (37th),Zorba the Greek,Walter Lassally,True,Man
1964 (37th),Becket,Geoffrey Unsworth,False,Man
1964 (37th),Cheyenne Autumn,William H. Clothier,False,Man
1964 (37th),Mary Poppins,Edward Colman,False,Man
1964 (37th),My Fair Lady,Harry Stradling,True,Man
1964 (37th),The Unsinkable Molly Brown,Daniel L. Fapp,False,Man
1965 (38th),In Harm's Way,Loyal Griggs,False,Man
1965 (38th),King Rat,Burnett Guffey,False,Man
1965 (38th),Morituri,Conrad Hall,False,Man
1965 (38th),A Patch of Blue,Robert Burks,False,Man
1965 (38th),Ship of Fools,Ernest Laszlo,True,Man
1965 (38th),The Agony and the Ecstasy,Leon Shamroy,False,Man
1965 (38th),Doctor Zhivago,Freddie Young,True,Man
1965 (38th),The Great Race,Russell Harlan,False,Man
1965 (38th),The Greatest Story Ever Told,"William C. Mellor, Loyal Griggs",False,Man
1965 (38th),The Sound of Music,Ted McCord,False,Man
1966 (39th),The Fortune Cookie,Joseph LaShelle,False,Man
1966 (39th),Georgy Girl,Ken Higgins,False,Man
1966 (39th),Is Paris Burning?,Marcel Grignon,False,Man
1966 (39th),Seconds,James Wong Howe,False,Man
1966 (39th),Who's Afraid of Virginia Woolf?,Haskell Wexler,True,Man
1966 (39th),Fantastic Voyage,Ernest Laszlo,False,Man
1966 (39th),Hawaii,Russell Harlan,False,Man
1966 (39th),A Man for All Seasons,Ted Moore,True,Man
1966 (39th),The Professionals,Conrad Hall,False,Man
1966 (39th),The Sand Pebbles,Joseph MacDonald,False,Man
1967 (40th),Bonnie and Clyde,Burnett Guffey,True,Man
1967 (40th),Camelot,Richard H. Kline,False,Man
1967 (40th),Doctor Dolittle,Robert Surtees,False,Man
1967 (40th),The Graduate,Robert Surtees,False,Man
1967 (40th),In Cold Blood,Conrad Hall,False,Man
1968 (41st),Funny Girl,Harry Stradling,False,Man
1968 (41st),Ice Station Zebra,Daniel L. Fapp,False,Man
1968 (41st),Oliver!,Oswald Morris,False,Man
1968 (41st),Romeo and Juliet,Pasqualino De Santis,True,Man
1968 (41st),Star!,Ernest Laszlo,False,Man
1969 (42nd),Anne of the Thousand Days,Arthur Ibbetson,False,Man
1969 (42nd),Bob & Carol & Ted & Alice,Charles B. Lang,False,Man
1969 (42nd),Butch Cassidy and the Sundance Kid,Conrad Hall,True,Man
1969 (42nd),"Hello, Dolly!",Harry Stradling,False,Man
1969 (42nd),Marooned,Daniel Fapp,False,Man
1970 (43rd),Airport,Ernest Laszlo,False,Man
1970 (43rd),Patton,Fred Koenekamp,False,Man
1970 (43rd),Ryan's Daughter,Freddie Young,True,Man
1970 (43rd),Tora! Tora! Tora!,"Charles F. Wheeler, Osami Furuya, Sinsaku Himeda, Masamichi Satoh",False,Man
1970 (43rd),Women in Love,Billy Williams,False,Man
1971 (44th),Fiddler on the Roof,Oswald Morris,True,Man
1971 (44th),The French Connection,Owen Roizman,False,Man
1971 (44th),The Last Picture Show,Robert Surtees,False,Man
1971 (44th),Nicholas and Alexandra,Freddie Young,False,Man
1971 (44th),Summer of '42,Robert Surtees,False,Man
1972 (45th),Butterflies Are Free,Charles B. Lang,False,Man
1972 (45th),Cabaret,Geoffrey Unsworth,True,Man
1972 (45th),The Poseidon Adventure,Harold E. Stine,False,Man
1972 (45th),1776,"Harry Stradling, Jr.",False,Man
1972 (45th),Travels with My Aunt,Douglas Slocombe,False,Man
1973 (46th),Cries and Whispers,Sven Nykvist,True,Man
1973 (46th),The Exorcist,Owen Roizman,False,Man
1973 (46th),Jonathan Livingston Seagull,Jack Couffer,False,Man
1973 (46th),The Sting,Robert Surtees,False,Man
1973 (46th),The Way We Were,"Harry Stradling, Jr.",False,Man
1974 (47th),Chinatown,John A. Alonzo,False,Man
1974 (47th),Earthquake,Philip Lathrop,False,Man
1974 (47th),Lenny,Bruce Surtees,False,Man
1974 (47th),Murder on the Orient Express,Geoffrey Unsworth,False,Man
1974 (47th),The Towering Inferno,"Fred Koenekamp, Joseph Biroc",True,Man
1975 (48th),Barry Lyndon,John Alcott,True,Man
1975 (48th),The Day of the Locust,Conrad Hall,False,Man
1975 (48th),Funny Lady,James Wong Howe,False,Man
1975 (48th),The Hindenburg,Robert Surtees,False,Man
1975 (48th),One Flew over the Cuckoo's Nest,"Haskell Wexler, Bill Butler",False,Man
1976 (49th),Bound for Glory,Haskell Wexler,True,Man
1976 (49th),King Kong,Richard H. Kline,False,Man
1976 (49th),Logan's Run,Ernest Laszlo,False,Man
1976 (49th),Network,Owen Roizman,False,Man
1976 (49th),A Star Is Born,Robert Surtees,False,Man
1977 (50th),Close Encounters of the Third Kind,Vilmos Zsigmond,True,Man
1977 (50th),Islands in the Stream,Fred J. Koenekamp,False,Man
1977 (50th),Julia,Douglas Slocombe,False,Man
1977 (50th),Looking for Mr. Goodbar,William A. Fraker,False,Man
1977 (50th),The Turning Point,Robert Surtees,False,Man
1978 (51st),Days of Heaven,Nestor Almendros,True,Man
1978 (51st),The Deer Hunter,Vilmos Zsigmond,False,Man
1978 (51st),Heaven Can Wait,William A. Fraker,False,Man
1978 (51st),"Same Time, Next Year",Robert Surtees,False,Man
1978 (51st),The Wiz,Oswald Morris,False,Man
1979 (52nd),All That Jazz,Giuseppe Rotunno,False,Man
1979 (52nd),Apocalypse Now,Vittorio Storaro,True,Man
1979 (52nd),The Black Hole,Frank Phillips,False,Man
1979 (52nd),Kramer vs. Kramer,Nestor Almendros,False,Man
1979 (52nd),1941,William A. Fraker,False,Man
1980 (53rd),The Blue Lagoon,Nestor Almendros,False,Man
1980 (53rd),Coal Miner's Daughter,Ralf D. Bode,False,Man
1980 (53rd),The Formula,James Crabe,False,Man
1980 (53rd),Raging Bull,Michael Chapman,False,Man
1980 (53rd),Tess,"Geoffrey Unsworth, Ghislain Cloquet",True,Man
1981 (54th),Excalibur,Alex Thomson,False,Man
1981 (54th),On Golden Pond,Billy Williams,False,Man
1981 (54th),Ragtime,Miroslav Ondricek,False,Man
1981 (54th),Raiders of the Lost Ark,Douglas Slocombe,False,Man
1981 (54th),Reds,Vittorio Storaro,True,Man
1982 (55th),Das Boot,Jost Vacano,False,Man
1982 (55th),E.T. The Extra-Terrestrial,Allen Daviau,False,Man
1982 (55th),Gandhi,"Billy Williams, Ronnie Taylor",True,Man
1982 (55th),Sophie's Choice,Nestor Almendros,False,Man
1982 (55th),Tootsie,Owen Roizman,False,Man
1983 (56th),Fanny & Alexander,Sven Nykvist,True,Man
1983 (56th),Flashdance,Don Peterman,False,Man
1983 (56th),The Right Stuff,Caleb Deschanel,False,Man
1983 (56th),WarGames,William A. Fraker,False,Man
1983 (56th),Zelig,Gordon Willis,False,Man
1984 (57th),Amadeus,Miroslav Ondricek,False,Man
1984 (57th),The Killing Fields,Chris Menges,True,Man
1984 (57th),The Natural,Caleb Deschanel,False,Man
1984 (57th),A Passage to India,Ernest Day,False,Man
1984 (57th),The River,Vilmos Zsigmond,False,Man
1985 (58th),The Color Purple,Allen Daviau,False,Man
1985 (58th),Murphy's Romance,William A. Fraker,False,Man
1985 (58th),Out of Africa,David Watkin,True,Man
1985 (58th),Ran,"Takao Saito, Masaharu Ueda, Asakazu Nakai",False,Man
1985 (58th),Witness,John Seale,False,Man
1986 (59th),The Mission,Chris Menges,True,Man
1986 (59th),Peggy Sue Got Married,Jordan Cronenweth,False,Man
1986 (59th),Platoon,Robert Richardson,False,Man
1986 (59th),A Room with a View,Tony Pierce-Roberts,False,Man
1986 (59th),Star Trek IV: The Voyage Home,Don Peterman,False,Man
1987 (60th),Broadcast News,Michael Ballhaus,False,Man
1987 (60th),Empire of the Sun,Allen Daviau,False,Man
1987 (60th),Hope and Glory,Philippe Rousselot,False,Man
1987 (60th),The Last Emperor,Vittorio Storaro,True,Man
1987 (60th),Matewan,Haskell Wexler,False,Man
1988 (61st),Mississippi Burning,Peter Biziou,True,Man
1988 (61st),Rain Man,John Seale,False,Man
1988 (61st),Tequila Sunrise,Conrad L. Hall,False,Man
1988 (61st),The Unbearable Lightness of Being,Sven Nykvist,False,Man
1988 (61st),Who Framed Roger Rabbit,Dean Cundey,False,Man
1989 (62nd),The Abyss,Mikael Salomon,False,Man
1989 (62nd),Blaze,Haskell Wexler,False,Man
1989 (62nd),Born on the Fourth of July,Robert Richardson,False,Man
1989 (62nd),The Fabulous Baker Boys,Michael Ballhaus,False,Man
1989 (62nd),Glory,Freddie Francis,True,Man
1990 (63rd),Avalon,Allen Daviau,False,Man
1990 (63rd),Dances With Wolves,Dean Semler,True,Man
1990 (63rd),Dick Tracy,Vittorio Storaro,False,Man
1990 (63rd),"The Godfather, Part III",Gordon Willis,False,Man
1990 (63rd),Henry & June,Philippe Rousselot,False,Man
1991 (64th),Bugsy,Allen Daviau,False,Man
1991 (64th),JFK,Robert Richardson,True,Man
1991 (64th),The Prince of Tides,Stephen Goldblatt,False,Man
1991 (64th),Terminator 2: Judgment Day,Adam Greenberg,False,Man
1991 (64th),Thelma & Louise,Adrian Biddle,False,Man
1992 (65th),Hoffa,Stephen H. Burum,False,Man
1992 (65th),Howards End,Tony Pierce-Roberts,False,Man
1992 (65th),The Lover,Robert Fraisse,False,Man
1992 (65th),A River Runs through It,Philippe Rousselot,True,Man
1992 (65th),Unforgiven,Jack N. Green,False,Man
1993 (66th),Farewell My Concubine,Gu Changwei,False,Man
1993 (66th),The Fugitive,Michael Chapman,False,Man
1993 (66th),The Piano,Stuart Dryburgh,False,Man
1993 (66th),Schindler's List,Janusz Kaminski,True,Man
1993 (66th),Searching for Bobby Fischer,Conrad L. Hall,False,Man
1994 (67th),Forrest Gump,Don Burgess,False,Man
1994 (67th),Legends of the Fall,John Toll,True,Man
1994 (67th),Red,Piotr Sobocinski,False,Man
1994 (67th),The Shawshank Redemption,Roger Deakins,False,Man
1994 (67th),Wyatt Earp,Owen Roizman,False,Man
1995 (68th),Batman Forever,Stephen Goldblatt,False,Man
1995 (68th),Braveheart,John Toll,True,Man
1995 (68th),A Little Princess,Emmanuel Lubezki,False,Man
1995 (68th),Sense and Sensibility,Michael Coulter,False,Man
1995 (68th),Shanghai Triad,Lu Yue,False,Man
1996 (69th),The English Patient,John Seale,True,Man
1996 (69th),Evita,Darius Khondji,False,Man
1996 (69th),Fargo,Roger Deakins,False,Man
1996 (69th),Fly Away Home,Caleb Deschanel,False,Man
1996 (69th),Michael Collins,Chris Menges,False,Man
1997 (70th),Amistad,Janusz Kaminski,False,Man
1997 (70th),Kundun,Roger Deakins,False,Man
1997 (70th),L.A. Confidential,Dante Spinotti,False,Man
1997 (70th),Titanic,Russell Carpenter,True,Man
1997 (70th),The Wings of the Dove,Eduardo Serra,False,Man
1998 (71st),A Civil Action,Conrad L. Hall,False,Man
1998 (71st),Elizabeth,Remi Adefarasin,False,Man
1998 (71st),Saving Private Ryan,Janusz Kaminski,True,Man
1998 (71st),Shakespeare in Love,Richard Greatrex,False,Man
1998 (71st),The Thin Red Line,John Toll,False,Man
1999 (72nd),American Beauty,Conrad L. Hall,True,Man
1999 (72nd),The End of the Affair,Roger Pratt,False,Man
1999 (72nd),The Insider,Dante Spinotti,False,Man
1999 (72nd),Sleepy Hollow,Emmanuel Lubezki,False,Man
1999 (72nd),Snow Falling on Cedars,Robert Richardson,False,Man
2000 (73rd),"Crouching Tiger, Hidden Dragon",Peter Pau,True,Man
2000 (73rd),Gladiator,John Mathieson,False,Man
2000 (73rd),Malèna,Lajos Koltai,False,Man
2000 (73rd),"O Brother, Where Art Thou?",Roger Deakins,False,Man
2000 (73rd),The Patriot,Caleb Deschanel,False,Man
2001 (74th),Amélie,Bruno Delbonnel,False,Man
2001 (74th),Black Hawk Down,Slawomir Idziak,False,Man
2001 (74th),The Lord of the Rings: The Fellowship of the Ring,Andrew Lesnie,True,Man
2001 (74th),The Man Who Wasn't There,Roger Deakins,False,Man
2001 (74th),Moulin Rouge,Donald M. McAlpine,False,Man
2002 (75th),Chicago,Dion Beebe,False,Man
2002 (75th),Far from Heaven,Edward Lachman,False,Man
2002 (75th),Gangs of New York,Michael Ballhaus,False,Man
2002 (75th),The Pianist,Pawel Edelman,False,Man
2002 (75th),Road to Perdition,Conrad L. Hall,True,Man
2003 (76th),City of God,Cesar Charlone,False,Man
2003 (76th),Cold Mountain,John Seale,False,Man
2003 (76th),Girl with a Pearl Earring,Eduardo Serra,False,Man
2003 (76th),Master and Commander: The Far Side of the World,Russell Boyd,True,Man
2003 (76th),Seabiscuit,John Schwartzman,False,Man
2004 (77th),The Aviator,Robert Richardson,True,Man
2004 (77th),House of Flying Daggers,Zhao Xiaoding,False,Man
2004 (77th),The Passion of the Christ,Caleb Deschanel,False,Man
2004 (77th),The Phantom of the Opera,John Mathieson,False,Man
2004 (77th),A Very Long Engagement,Bruno Delbonnel,False,Man
2005 (78th),Batman Begins,Wally Pfister,False,Man
2005 (78th),Brokeback Mountain,Rodrigo Prieto,False,Man
2005 (78th),"Good Night, and Good Luck.",Robert Elswit,False,Man
2005 (78th),Memoirs of a Geisha,Dion Beebe,True,Man
2005 (78th),The New World,Emmanuel Lubezki,False,Man
2006 (79th),The Black Dahlia,Vilmos Zsigmond,False,Man
2006 (79th),Children of Men,Emmanuel Lubezki,False,Man
2006 (79th),The Illusionist,Dick Pope,False,Man
2006 (79th),Pan's Labyrinth,Guillermo Navarro,True,Man
2006 (79th),The Prestige,Wally Pfister,False,Man
2007 (80th),The Assassination of Jesse James by the Coward Robert Ford,Roger Deakins,False,Man
2007 (80th),Atonement,Seamus McGarvey,False,Man
2007 (80th),The Diving Bell and the Butterfly,Janusz Kaminski,False,Man
2007 (80th),No Country for Old Men,Roger Deakins,False,Man
2007 (80th),There Will Be Blood,Robert Elswit,True,Man
2008 (81st),Changeling,Tom Stern,False,Man
2008 (81st),The Curious Case of Benjamin Button,Claudio Miranda,False,Man
2008 (81st),The Dark Knight,Wally Pfister,False,Man
2008 (81st),The Reader,Chris Menges and Roger Deakins,False,Man
2008 (81st),Slumdog Millionaire,Anthony Dod Mantle,True,Man
2009 (82nd),Avatar,Mauro Fiore,True,Man
2009 (82nd),Harry Potter and the Half-Blood Prince,Bruno Delbonnel,False,Man
2009 (82nd),The Hurt Locker,Barry Ackroyd,False,Man
2009 (82nd),Inglourious Basterds,Robert Richardson,False,Man
2009 (82nd),The White Ribbon,Christian Berger,False,Man
2010 (83rd),Black Swan,Matthew Libatique,False,Man
2010 (83rd),Inception,Wally Pfister,True,Man
2010 (83rd),The King's Speech,Danny Cohen,False,Man
2010 (83rd),The Social Network,Jeff Cronenweth,False,Man
2010 (83rd),True Grit,Roger Deakins,False,Man
2011 (84th),The Artist,Guillaume Schiffman,False,Man
2011 (84th),The Girl with the Dragon Tattoo,Jeff Cronenweth,False,Man
2011 (84th),Hugo,Robert Richardson,True,Man
2011 (84th),The Tree of Life,Emmanuel Lubezki,False,Man
2011 (84th),War Horse,Janusz Kaminski,False,Man
2012 (85th),Anna Karenina,Seamus McGarvey,False,Man
2012 (85th),Django Unchained,Robert Richardson,False,Man
2012 (85th),Life of Pi,Claudio Miranda,True,Man
2012 (85th),Lincoln,Janusz Kaminski,False,Man
2012 (85th),Skyfall,Roger Deakins,False,Man
2013 (86th),The Grandmaster,Philippe Le Sourd,False,Man
2013 (86th),Gravity,Emmanuel Lubezki,True,Man
2013 (86th),Inside Llewyn Davis,Bruno Delbonnel,False,Man
2013 (86th),Nebraska,Phedon Papamichael,False,Man
2013 (86th),Prisoners,Roger A. Deakins,False,Man
2014 (87th),Birdman or (The Unexpected Virtue of Ignorance),Emmanuel Lubezki,True,Man
2014 (87th),The Grand Budapest Hotel,Robert Yeoman,False,Man
2014 (87th),Ida,Lukasz Zal and Ryszard Lenczewski,False,Man
2014 (87th),Mr. Turner,Dick Pope,False,Man
2014 (87th),Unbroken,Roger Deakins,False,Man
2015 (88th),Carol,Ed Lachman,False,Man
2015 (88th),The Hateful Eight,Robert Richardson,False,Man
2015 (88th),Mad Max: Fury Road,John Seale,False,Man
2015 (88th),The Revenant,Emmanuel Lubezki,True,Man
2015 (88th),Sicario,Roger Deakins,False,Man
2016 (89th),Arrival,Bradford Young,False,Man
2016 (89th),La La Land,Linus Sandgren,True,Man
2016 (89th),Lion,Greig Fraser,False,Man
2016 (89th),Moonlight,James Laxton,False,Man
2016 (89th),Silence,Rodrigo Prieto,False,Man
2017 (90th),Blade Runner 2049,Roger A. Deakins,True,Man
2017 (90th),Darkest Hour,Bruno Delbonnel,False,Man
2017 (90th),Dunkirk,Hoyte van Hoytema,False,Man
2017 (90th),Mudbound,Rachel Morrison,False,Woman
2017 (90th),The Shape of Water,Dan Laustsen,False,Man
2018 (91st),Cold War,Lukasz Zal,False,Man
2018 (91st),The Favourite,Robbie Ryan,False,Man
2018 (91st),Never Look Away,Caleb Deschanel,False,Man
2018 (91st),Roma,Alfonso Cuarón,True,Man
2018 (91st),A Star Is Born,Matthew Libatique,False,Man
2019 (92nd),The Irishman,Rodrigo Prieto,False,Man
2019 (92nd),Joker,Lawrence Sher,False,Man
2019 (92nd),The Lighthouse,Jarin Blaschke,False,Man
2019 (92nd),1917,Roger Deakins,True,Man
2019 (92nd),Once upon a Time...in Hollywood,Robert Richardson,False,Man
2020 (93rd),Judas and the Black Messiah,Sean Bobbitt,False,Man
2020 (93rd),Mank,Erik Messerschmidt,True,Man
2020 (93rd),News of the World,Dariusz Wolski,False,Man
2020 (93rd),Nomadland,Joshua James Richards,False,Man
2020 (93rd),The Trial of the Chicago 7,Phedon Papamichael,False,Man
2021 (94th),Dune,Greig Fraser,True,Man
2021 (94th),Nightmare Alley,Dan Laustsen,False,Man
2021 (94th),The Power of the Dog,Ari Wegner,False,Woman
2021 (94th),The Tragedy of Macbeth,Bruno Delbonnel,False,Man
2021 (94th),West Side Story,Janusz Kaminski,False,Man
2022 (95th),All Quiet on the Western Front,James Friend,True,Man
2022 (95th),"Bardo, False Chronicle of a Handful of Truths",Darius Khondji,False,Man
2022 (95th),Elvis,Mandy Walker,False,Woman
2022 (95th),Empire of Light,Roger Deakins,False,Man
2022 (95th),Tár,Florian Hoffmeister,False,Man
2023 (96th),El Conde,Edward Lachman,False,Man
2023 (96th),Killers of the Flower Moon,Rodrigo Prieto,False,Man
2023 (96th),Maestro,Matthew Libatique,False,Man
2023 (96th),Oppenheimer,Hoyte van Hoytema,True,Man
2023 (96th),Poor Things,Robbie Ryan,False,Man
2024 (97th),The Brutalist,Lol Crawley,True,Man
2024 (97th),Dune: Part Two,Greig Fraser,False,Man
2024 (97th),Emilia Pérez,Paul Guilhaume,False,Man
2024 (97th),Maria,Ed Lachman,False,Man
2024 (97th),Nosferatu,Jarin Blaschke,False,Man
2025 (98th),Sinners,Autumn Durald Arkapaw,True,Woman
2025 (98th),Frankenstein,Dan Laustsen,False,Man
2025 (98th),Marty Supreme,Darius Khondji,False,Man
2025 (98th),One Battle After Another,Michael Bauman,False,Man
2025 (98th),Train Dreams,Adolpho Veloso,False,Man
